{
    "metadata": {
        "dx": {
            "(2, 0)": 0.0,
            "(3, 0)": 0.0,
            "(4, 0)": 0.0,
            "(-2, 0)": 0.0,
            "(-3, 0)": 0.0,
            "(-4, 0)": 0.0,
            "(0, 1)": 0.0,
            "(1, 1)": 0.0,
            "(2, 1)": 0.0,
            "(-1, 1)": 0.0,
            "(-2, 1)": 0.0,
            "(-3, 1)": 0.0,
            "(0, -1)": 0.0,
            "(1, -1)": 0.0,
            "(2, -1)": 0.0,
            "(-1, -1)": 0.0,
            "(-2, -1)": 0.0,
            "(-3, -1)": 0.0
        },
        "dy": {
            "(2, 0)": 0.0,
            "(3, 0)": 0.0,
            "(4, 0)": 0.0,
            "(-2, 0)": 0.0,
            "(-3, 0)": 0.0,
            "(-4, 0)": 0.0,
            "(0, 1)": 0.0,
            "(1, 1)": 0.0,
            "(2, 1)": 0.0,
            "(-1, 1)": 0.0,
            "(-2, 1)": 0.0,
            "(-3, 1)": 0.0,
            "(0, -1)": 0.0,
            "(1, -1)": 0.0,
            "(2, -1)": 0.0,
            "(-1, -1)": 0.0,
            "(-2, -1)": 0.0,
            "(-3, -1)": 0.0
        },
        "dr": {
            "(2, 0)": 0.0,
            "(3, 0)": 0.0,
            "(4, 0)": 0.0,
            "(-2, 0)": 0.0,
            "(-3, 0)": 0.0,
            "(-4, 0)": 0.0,
            "(0, 1)": 0.0,
            "(1, 1)": 0.0,
            "(2, 1)": 0.0,
            "(-1, 1)": 0.0,
            "(-2, 1)": 0.0,
            "(-3, 1)": 0.0,
            "(0, -1)": 0.0,
            "(1, -1)": 0.0,
            "(2, -1)": 0.0,
            "(-1, -1)": 0.0,
            "(-2, -1)": 0.0,
            "(-3, -1)": 0.0
        },
        "method": "l-bfgs-b",
        "Nx": 16,
        "Ny": 10,
        "dslab": 0.6,
        "n_slab": 12,
        "ra": 0.29,
        "gmax": 2,
        "options": {
            "verbose": false,
            "numeig": 1,
            "gradients": "exact",
            "compute_im": false
        },
        "objective_function": "of_Q",
        "nk": 1,
        "bounds": null,
        "constraints": null,
        "gradients": "exact",
        "compute_im": false,
        "callback": "callback",
        "constFunc": null,
        "minFreq": 0,
        "maxfreq": 1000,
        "minrad": 0,
        "mindist": 0,
        "optMode": 0,
        "crystal": "L3Crystal",
        "sidelength": 0
    },
    "results": {
        "fun": -1.1693283221503001,
        "jac": [
            -18279497.545841616,
            -220739018.05631673,
            27870906.833560094,
            -254760225.51880097,
            -94219726.75467998,
            -178649750.18181035,
            -135500056.0092339,
            -6415079.857586625,
            -189510425.64771107,
            -105832040.73410444,
            -182873630.34231892,
            -68801624.63000004,
            27870906.83355965,
            -88164503.83533636,
            -178649750.18181136,
            -32574380.84450417,
            6821212.255568953,
            -169137066.63541391,
            27870906.833560172,
            -143352630.89959905,
            -191962365.12338915,
            -114699532.85979703,
            -119007383.999811,
            -122186989.08562426,
            -94219726.75468042,
            -34262532.263454415,
            -96593223.07540391,
            -121131871.87491967,
            -135500056.00923288,
            -48659985.053553864,
            16716753.769411685,
            -122186989.08562373,
            -165598238.41599882,
            -4317259.754885216,
            22103996.821565773,
            -105832040.73410448,
            22103996.807005275,
            -246554011.3949352,
            -105832040.77384318,
            -236739174.50229025,
            -68801624.66252391,
            -254760225.58707106,
            -158383643.66849193,
            2224633.2636653543,
            -324041031.99545825,
            -147190954.2934837,
            -170890108.69497618,
            -97770030.85586224,
            -284665199.3142753,
            -207059671.1262777,
            -71500097.83909945,
            -172632502.41534308,
            -216995524.463624,
            -152845600.7925959
        ],
        "nfev": 220,
        "njev": 4,
        "nit": 1,
        "status": 0,
        "message": "CONVERGENCE: REL_REDUCTION_OF_F_<=_FACTR*EPSMCH",
        "x": [
            0.0,
            0.0,
            0.0,
            0.0,
            0.0,
            0.0,
            0.0,
            0.0,
            0.0,
            0.0,
            0.0,
            0.0,
            0.0,
            0.0,
            0.0,
            0.0,
            0.0,
            0.0,
            0.0,
            0.0,
            0.0,
            0.0,
            0.0,
            0.0,
            0.0,
            0.0,
            0.0,
            0.0,
            0.0,
            0.0,
            0.0,
            0.0,
            0.0,
            0.0,
            0.0,
            0.0,
            0.0,
            0.0,
            0.0,
            0.0,
            0.0,
            0.0,
            0.0,
            0.0,
            0.0,
            0.0,
            0.0,
            0.0,
            0.0,
            0.0,
            0.0,
            0.0,
            0.0,
            0.0
        ],
        "success": true,
        "hess_inv": "<54x54 LbfgsInvHessProduct with dtype=float64>"
    },
    "iterations": {
        "0": {
            "value": -1.1693283221503001,
            "freq": 8.042464721908849e-09,
            "dx": {
                "(2, 0)": 0.0,
                "(3, 0)": 0.0,
                "(4, 0)": 0.0,
                "(-2, 0)": 0.0,
                "(-3, 0)": 0.0,
                "(-4, 0)": 0.0,
                "(0, 1)": 0.0,
                "(1, 1)": 0.0,
                "(2, 1)": 0.0,
                "(-1, 1)": 0.0,
                "(-2, 1)": 0.0,
                "(-3, 1)": 0.0,
                "(0, -1)": 0.0,
                "(1, -1)": 0.0,
                "(2, -1)": 0.0,
                "(-1, -1)": 0.0,
                "(-2, -1)": 0.0,
                "(-3, -1)": 0.0
            },
            "dy": {
                "(2, 0)": 0.0,
                "(3, 0)": 0.0,
                "(4, 0)": 0.0,
                "(-2, 0)": 0.0,
                "(-3, 0)": 0.0,
                "(-4, 0)": 0.0,
                "(0, 1)": 0.0,
                "(1, 1)": 0.0,
                "(2, 1)": 0.0,
                "(-1, 1)": 0.0,
                "(-2, 1)": 0.0,
                "(-3, 1)": 0.0,
                "(0, -1)": 0.0,
                "(1, -1)": 0.0,
                "(2, -1)": 0.0,
                "(-1, -1)": 0.0,
                "(-2, -1)": 0.0,
                "(-3, -1)": 0.0
            },
            "dr": {
                "(2, 0)": 0.0,
                "(3, 0)": 0.0,
                "(4, 0)": 0.0,
                "(-2, 0)": 0.0,
                "(-3, 0)": 0.0,
                "(-4, 0)": 0.0,
                "(0, 1)": 0.0,
                "(1, 1)": 0.0,
                "(2, 1)": 0.0,
                "(-1, 1)": 0.0,
                "(-2, 1)": 0.0,
                "(-3, 1)": 0.0,
                "(0, -1)": 0.0,
                "(1, -1)": 0.0,
                "(2, -1)": 0.0,
                "(-1, -1)": 0.0,
                "(-2, -1)": 0.0,
                "(-3, -1)": 0.0
            }
        }
    }
}