{
    "metadata": {},
    "results": {},
    "iterations": {
        "0": {
            "value": -813235.8163322582,
            "freq": 0.2726143713773709,
            "dx": {},
            "dy": {},
            "dr": {
                "(10, 11, 1)": 0.001026088974094477,
                "(10, 10, 0)": 0.00598241966316068,
                "(10, 10, 1)": 0.00025446097637240754,
                "(9, 11, 1)": 0.0009367798515758719,
                "(9, 10, 0)": 0.003208588890872808,
                "(9, 9, 0)": 0.00933417312238318,
                "(-11, 11, 1)": 0.0009365715889939364,
                "(-10, 11, 1)": 0.0005817844026320464,
                "(-10, 10, 0)": 0.003208506600843797,
                "(-10, 10, 1)": 0.00011465672431521907,
                "(-9, 10, 0)": 0.001840301734911414,
                "(-10, 9, 0)": 0.008176445134479045,
                "(0, -10, 0)": -0.009039969767073483,
                "(0, -10, 1)": -0.0006280868816573348,
                "(0, -9, 0)": -0.0007377490402162737,
                "(0, -9, 1)": -0.00026531033914170224,
                "(-1, -9, 0)": -0.0006255107958796763,
                "(-1, -9, 1)": -0.0005225361733106462
            }
        },
        "1": {
            "value": -837855.1388852866,
            "freq": 0.2726122957423464,
            "dx": {},
            "dy": {},
            "dr": {
                "(10, 11, 1)": 0.001451844207741173,
                "(10, 10, 0)": 0.008453443671498043,
                "(10, 10, 1)": 0.00035815177294261846,
                "(9, 11, 1)": 0.0013256831418868476,
                "(9, 10, 0)": 0.004538377693051661,
                "(9, 9, 0)": 0.013147701327800944,
                "(-11, 11, 1)": 0.0013251352977386654,
                "(-10, 11, 1)": 0.0008235366855821197,
                "(-10, 10, 0)": 0.004536589406342716,
                "(-10, 10, 1)": 0.0001606154675716485,
                "(-9, 10, 0)": 0.0026164356786703875,
                "(-10, 9, 0)": 0.011518762501619316,
                "(0, -10, 0)": -0.012891955452328623,
                "(0, -10, 1)": -0.000890005369301743,
                "(0, -9, 0)": -0.0010887275478769448,
                "(0, -9, 1)": -0.0003808978236276657,
                "(-1, -9, 0)": -0.0009281716044589139,
                "(-1, -9, 1)": -0.0007445959663869724
            }
        },
        "2": {
            "value": -1168306.230934822,
            "freq": 0.272595115449089,
            "dx": {},
            "dy": {},
            "dr": {
                "(10, 11, 1)": 0.0024473168116481946,
                "(10, 10, 0)": 0.010337545560715566,
                "(10, 10, 1)": 0.00016448088852053124,
                "(9, 11, 1)": 0.00216175213903552,
                "(9, 10, 0)": 0.006294299929079066,
                "(9, 9, 0)": 0.008947668495074682,
                "(-11, 11, 1)": 0.0022048885555842777,
                "(-10, 11, 1)": 0.00137315264575933,
                "(-10, 10, 0)": 0.0054390225970985685,
                "(-10, 10, 1)": -0.0001704543808634483,
                "(-9, 10, 0)": 0.008970609893253493,
                "(-10, 9, 0)": 0.010059506310668197,
                "(0, -10, 0)": -0.01714963789914227,
                "(0, -10, 1)": 0.0005195370167230553,
                "(0, -9, 0)": -0.011505196956284816,
                "(0, -9, 1)": -0.0022625196627582903,
                "(-1, -9, 0)": -0.012171722710483843,
                "(-1, -9, 1)": -0.0029034348351950055
            }
        },
        "3": {
            "value": -1196237.0204071938,
            "freq": 0.2725866842289499,
            "dx": {},
            "dy": {},
            "dr": {
                "(10, 11, 1)": 0.002529284040117001,
                "(10, 10, 0)": 0.009291942645418794,
                "(10, 10, 1)": 6.801920221604584e-05,
                "(9, 11, 1)": 0.002230112087320237,
                "(9, 10, 0)": 0.005753093708556633,
                "(9, 9, 0)": 0.006146971571053881,
                "(-11, 11, 1)": 0.0022799237658238437,
                "(-10, 11, 1)": 0.0014318820927576045,
                "(-10, 10, 0)": 0.005036725342844691,
                "(-10, 10, 1)": -0.0002721730755682848,
                "(-9, 10, 0)": 0.01032428559198392,
                "(-10, 9, 0)": 0.008556496607720098,
                "(0, -10, 0)": -0.016822066769402493,
                "(0, -10, 1)": 0.0009431873181678717,
                "(0, -9, 0)": -0.013992871053916906,
                "(0, -9, 1)": -0.0026314911882421308,
                "(-1, -9, 0)": -0.015337064599523723,
                "(-1, -9, 1)": -0.0033780434368638227
            }
        }
    }
}