{
    "metadata": {},
    "results": {},
    "iterations": {
        "0": {
            "value": -5893.755452793691,
            "freq": 0.26392907402435684,
            "dx": {
                "(2, 0)": 0.0,
                "(3, 0)": 0.0,
                "(4, 0)": 0.0,
                "(-2, 0)": 0.0,
                "(-3, 0)": 0.0,
                "(-4, 0)": 0.0,
                "(0, 1)": 0.0,
                "(1, 1)": 0.0,
                "(2, 1)": 0.0,
                "(-1, 1)": 0.0,
                "(-2, 1)": 0.0,
                "(-3, 1)": 0.0,
                "(0, -1)": 0.0,
                "(1, -1)": 0.0,
                "(2, -1)": 0.0,
                "(-1, -1)": 0.0,
                "(-2, -1)": 0.0,
                "(-3, -1)": 0.0
            },
            "dy": {
                "(2, 0)": 0.0,
                "(3, 0)": 0.0,
                "(4, 0)": 0.0,
                "(-2, 0)": 0.0,
                "(-3, 0)": 0.0,
                "(-4, 0)": 0.0,
                "(0, 1)": 0.0,
                "(1, 1)": 0.0,
                "(2, 1)": 0.0,
                "(-1, 1)": 0.0,
                "(-2, 1)": 0.0,
                "(-3, 1)": 0.0,
                "(0, -1)": 0.0,
                "(1, -1)": 0.0,
                "(2, -1)": 0.0,
                "(-1, -1)": 0.0,
                "(-2, -1)": 0.0,
                "(-3, -1)": 0.0
            },
            "dr": {
                "(2, 0)": 0.0,
                "(3, 0)": 0.0,
                "(4, 0)": 0.0,
                "(-2, 0)": 0.0,
                "(-3, 0)": 0.0,
                "(-4, 0)": 0.0,
                "(0, 1)": 0.0,
                "(1, 1)": 0.0,
                "(2, 1)": 0.0,
                "(-1, 1)": 0.0,
                "(-2, 1)": 0.0,
                "(-3, 1)": 0.0,
                "(0, -1)": 0.0,
                "(1, -1)": 0.0,
                "(2, -1)": 0.0,
                "(-1, -1)": 0.0,
                "(-2, -1)": 0.0,
                "(-3, -1)": 0.0
            }
        },
        "1": {
            "value": -5893.755452793691,
            "freq": 0.26392907402435684,
            "dx": {
                "(2, 0)": 0.0,
                "(3, 0)": 0.0,
                "(4, 0)": 0.0,
                "(-2, 0)": 0.0,
                "(-3, 0)": 0.0,
                "(-4, 0)": 0.0,
                "(0, 1)": 0.0,
                "(1, 1)": 0.0,
                "(2, 1)": 0.0,
                "(-1, 1)": 0.0,
                "(-2, 1)": 0.0,
                "(-3, 1)": 0.0,
                "(0, -1)": 0.0,
                "(1, -1)": 0.0,
                "(2, -1)": 0.0,
                "(-1, -1)": 0.0,
                "(-2, -1)": 0.0,
                "(-3, -1)": 0.0
            },
            "dy": {
                "(2, 0)": 0.0,
                "(3, 0)": 0.0,
                "(4, 0)": 0.0,
                "(-2, 0)": 0.0,
                "(-3, 0)": 0.0,
                "(-4, 0)": 0.0,
                "(0, 1)": 0.0,
                "(1, 1)": 0.0,
                "(2, 1)": 0.0,
                "(-1, 1)": 0.0,
                "(-2, 1)": 0.0,
                "(-3, 1)": 0.0,
                "(0, -1)": 0.0,
                "(1, -1)": 0.0,
                "(2, -1)": 0.0,
                "(-1, -1)": 0.0,
                "(-2, -1)": 0.0,
                "(-3, -1)": 0.0
            },
            "dr": {
                "(2, 0)": 0.0,
                "(3, 0)": 0.0,
                "(4, 0)": 0.0,
                "(-2, 0)": 0.0,
                "(-3, 0)": 0.0,
                "(-4, 0)": 0.0,
                "(0, 1)": 0.0,
                "(1, 1)": 0.0,
                "(2, 1)": 0.0,
                "(-1, 1)": 0.0,
                "(-2, 1)": 0.0,
                "(-3, 1)": 0.0,
                "(0, -1)": 0.0,
                "(1, -1)": 0.0,
                "(2, -1)": 0.0,
                "(-1, -1)": 0.0,
                "(-2, -1)": 0.0,
                "(-3, -1)": 0.0
            }
        },
        "2": {
            "value": -3679.3307606181133,
            "freq": 0.26726307853128894,
            "dx": {
                "(2, 0)": 0.010643556185147696,
                "(3, 0)": 0.0013115014225731844,
                "(4, 0)": -0.003658838517415712,
                "(-2, 0)": -0.02732462952082218,
                "(-3, 0)": -0.022040967823769884,
                "(-4, 0)": -0.013401351615830495,
                "(0, 1)": -0.0012877463088751882,
                "(1, 1)": 0.002833048787285106,
                "(2, 1)": -0.004811535375038471,
                "(-1, 1)": 0.0002303323789461919,
                "(-2, 1)": -0.004810781880004502,
                "(-3, 1)": 0.004736219111453118,
                "(0, -1)": -0.003623952659228501,
                "(1, -1)": 0.005116213221732714,
                "(2, -1)": -0.0027161045959444015,
                "(-1, -1)": -0.004269763601556854,
                "(-2, -1)": -0.012513003025548298,
                "(-3, -1)": 0.0028564875301870848
            },
            "dy": {
                "(2, 0)": -0.0208596196186494,
                "(3, 0)": -0.0027168496645926096,
                "(4, 0)": -0.0045085098400275084,
                "(-2, 0)": -0.010692701756899792,
                "(-3, 0)": -0.010315324274467933,
                "(-4, 0)": -0.004357988683274062,
                "(0, 1)": -0.00705114105580597,
                "(1, 1)": 0.014517198584594647,
                "(2, 1)": -0.007738193457981397,
                "(-1, 1)": -0.005879327446265915,
                "(-2, 1)": 0.011690084053896176,
                "(-3, 1)": -0.0013893084692487227,
                "(0, -1)": -0.007383679350725339,
                "(1, -1)": -0.018887808899345247,
                "(2, -1)": -0.01745014144208524,
                "(-1, -1)": -0.008583735059245498,
                "(-2, -1)": -0.03256141183935216,
                "(-3, -1)": -0.016537910744050043
            },
            "dr": {
                "(2, 0)": -0.031438387002119664,
                "(3, 0)": 0.04283190224173669,
                "(4, 0)": 0.03236881895791149,
                "(-2, 0)": -0.031438308473498947,
                "(-3, 0)": 0.0428319643943762,
                "(-4, 0)": -0.38329136513706485,
                "(0, 1)": 0.053546626027288886,
                "(1, 1)": -0.024623312962171906,
                "(2, 1)": 0.08267334772930957,
                "(-1, 1)": 0.05354655904366239,
                "(-2, 1)": -0.02462323595807872,
                "(-3, 1)": 0.08267340107476186,
                "(0, -1)": 0.05354680139142038,
                "(1, -1)": -0.02462333039288133,
                "(2, -1)": 0.08267294889504483,
                "(-1, -1)": 0.05354678411501188,
                "(-2, -1)": -0.02462328101082433,
                "(-3, -1)": 0.08267331134976638
            }
        }
    }
}