{
    "metadata": {
        "dx": {
            "(2, 0)": 0.2051095818501577,
            "(-2, 0)": -0.6838569833080249
        },
        "method": "SLSQP",
        "constraints": true,
        "minrad": 0.05,
        "mindist": 0.05,
        "minfreq": 0.261,
        "maxfreq": 0.3,
        "constFunc": "L3const",
        "dy": {},
        "dr": {},
        "Nx": 16,
        "Ny": 10,
        "dslab": 0.6,
        "n_slab": 12,
        "ra": 0.29,
        "gmax": 2,
        "options": {
            "verbose": false,
            "numeig": 161,
            "gradients": "exact",
            "compute_im": false
        },
        "objective_function": "of_Q",
        "nk": 2,
        "bounds": null,
        "gradients": "exact",
        "compute_im": false,
        "callback": "callback",
        "minFreq": 0
    },
    "results": {
        "x": [
            0.2051095818501577,
            -0.6838569833080249
        ],
        "fun": -2434.4144677458794,
        "jac": [
            -5.984710693359375,
            12928.365142822266
        ],
        "nit": 15,
        "nfev": 52,
        "njev": 11,
        "status": 8,
        "message": "Positive directional derivative for linesearch",
        "success": "False"
    },
    "iterations": {
        "0": {
            "value": -305.90019121819114,
            "freq": 0.2646499285144615,
            "dx": {
                "(2, 0)": 0.36491391290110187,
                "(-2, 0)": -0.36491441966063576
            },
            "dy": {},
            "dr": {}
        },
        "1": {
            "value": -37338.32473935121,
            "freq": 0.26061951169821457,
            "dx": {
                "(2, 0)": 837.7444945870102,
                "(-2, 0)": -837.7420809610608
            },
            "dy": {},
            "dr": {}
        },
        "2": {
            "value": -2387.978619545488,
            "freq": 0.25288362286037425,
            "dx": {
                "(2, 0)": 0.1734554094515791,
                "(-2, 0)": -0.6838398705560915
            },
            "dy": {},
            "dr": {}
        },
        "3": {
            "value": -2391.598375554271,
            "freq": 0.2528855354080703,
            "dx": {
                "(2, 0)": 0.17562398664610088,
                "(-2, 0)": -0.6838155910329687
            },
            "dy": {},
            "dr": {}
        },
        "4": {
            "value": -2411.822721747673,
            "freq": 0.25289608763707533,
            "dx": {
                "(2, 0)": 0.18642720045136052,
                "(-2, 0)": -0.6838384546530095
            },
            "dy": {},
            "dr": {}
        },
        "5": {
            "value": -2074.0152450673218,
            "freq": 0.2530630642653397,
            "dx": {
                "(2, 0)": 0.23922419329469854,
                "(-2, 0)": -0.6838713148716191
            },
            "dy": {},
            "dr": {}
        },
        "6": {
            "value": -2167.088535144472,
            "freq": 0.2530393780565062,
            "dx": {
                "(2, 0)": 0.2357603505022678,
                "(-2, 0)": -0.6837350923899981
            },
            "dy": {},
            "dr": {}
        },
        "7": {
            "value": -2422.9558279246153,
            "freq": 0.2529454604658461,
            "dx": {
                "(2, 0)": 0.2139558441878108,
                "(-2, 0)": -0.6838384657739702
            },
            "dy": {},
            "dr": {}
        },
        "8": {
            "value": -2435.136644553902,
            "freq": 0.25292569315191277,
            "dx": {
                "(2, 0)": 0.20580748291331682,
                "(-2, 0)": -0.6839170851167643
            },
            "dy": {},
            "dr": {}
        },
        "9": {
            "value": -464.0427465942122,
            "freq": 0.2560430259586856,
            "dx": {
                "(2, 0)": 0.3700050389043039,
                "(-2, 0)": -0.6841989115084914
            },
            "dy": {},
            "dr": {}
        },
        "10": {
            "value": -2434.4144677458794,
            "freq": 0.25292452681621913,
            "dx": {
                "(2, 0)": 0.2051095818501577,
                "(-2, 0)": -0.6838569833080249
            },
            "dy": {},
            "dr": {}
        }
    }
}