{
    "metadata": {
        "dx": {
            "(2, 0)": 0.18608323411759636,
            "(-2, 0)": -0.18608323113725878
        },
        "method": "trust-constr",
        "constraints": true,
        "minrad": 0.05,
        "mindist": 0.05,
        "minfreq": 0.261,
        "maxfreq": 0.3,
        "constFunc": "L3const",
        "dy": {},
        "dr": {},
        "Nx": 16,
        "Ny": 10,
        "dslab": 0.6,
        "n_slab": 12,
        "ra": 0.29,
        "gmax": 2,
        "options": {
            "verbose": false,
            "numeig": 161,
            "gradients": "exact",
            "compute_im": false
        },
        "objective_function": "of_Q",
        "nk": 2,
        "bounds": null,
        "gradients": "exact",
        "compute_im": false,
        "callback": "callback",
        "minFreq": 0
    },
    "results": {
        "nit": 29,
        "nfev": 87,
        "njev": 29,
        "nhev": 0,
        "cg_niter": 45,
        "cg_stop_cond": 1,
        "fun": -172096.18551337766,
        "grad": [
            41.275390625,
            -41.10546875
        ],
        "lagrangian_grad": [
            0.6408190800729221,
            -0.6363722342664124
        ],
        "constr": "[array([0.81391677]), array([0.81391677]), array([0.18391677]), array([0.29116434]), array([0.29116434]), array([0.47485755]), array([0.47485755]), array([0.47485755]), array([0.47485755]), array([0.29116434]), array([0.18391677]), array([0.29116434]), array([0.00073221]), array([0.03826779])]",
        "jac": "[array([[-1., -0.]]), array([[0., 1.]]), array([[-1., -0.]]), array([[-0.34078258, -0.        ]]), array([[-0.34078258, -0.        ]]), array([[ 0.62096986, -0.        ]]), array([[ 0.62096986, -0.        ]]), array([[ 0.        , -0.62096986]]), array([[ 0.        , -0.62096986]]), array([[0.        , 0.34078258]]), array([[0., 1.]]), array([[0.        , 0.34078258]]), array([[-0.00273144,  0.00273145]]), array([[ 0.00273144, -0.00273145]])]",
        "constr_nfev": "[87, 87, 87, 87, 87, 87, 87, 87, 87, 87, 87, 87, 87, 87]",
        "constr_njev": "[0, 0, 0, 0, 0, 0, 0, 0, 0, 0, 0, 0, 0, 0]",
        "constr_nhev": "[0, 0, 0, 0, 0, 0, 0, 0, 0, 0, 0, 0, 0, 0]",
        "v": "[array([0.84446907]), array([0.83775644]), array([18.40119646]), array([2.23249562]), array([2.23249562]), array([-1.97532351]), array([-1.97532351]), array([-1.96307748]), array([-1.96307748]), array([2.21462032]), array([18.26973108]), array([2.21462032]), array([6370.43805341]), array([-4.99537949])]",
        "method": "tr_interior_point",
        "x": [
            0.18608323411759636,
            -0.18608323113725878
        ],
        "optimality": 0.6408190800729221,
        "constr_violation": 0.0,
        "execution_time": 3057.255580186844,
        "tr_radius": 3.68531300795809,
        "constr_penalty": 3923765.3256074777,
        "barrier_parameter": 0.1,
        "barrier_tolerance": 0.1,
        "status": 1,
        "niter": 29,
        "success": true,
        "message": "`gtol` termination condition is satisfied."
    },
    "iterations": {
        "0": {
            "value": -5893.641950574218,
            "freq": 0.26392907402435917,
            "dx": {
                "(2, 0)": 0.0,
                "(-2, 0)": 0.0
            },
            "dy": {},
            "dr": {}
        },
        "1": {
            "value": -84255.66080560813,
            "freq": 0.2618565441497586,
            "dx": {
                "(2, 0)": 0.1477910674111047,
                "(-2, 0)": -0.18839860633423475
            },
            "dy": {},
            "dr": {}
        },
        "2": {
            "value": -28426.049909533987,
            "freq": 0.2616609860354461,
            "dx": {
                "(2, 0)": 0.23725068935517868,
                "(-2, 0)": -0.18847398822645764
            },
            "dy": {},
            "dr": {}
        },
        "3": {
            "value": -129936.48984854585,
            "freq": 0.2616946204186117,
            "dx": {
                "(2, 0)": 0.20207977033978247,
                "(-2, 0)": -0.18603972964760118
            },
            "dy": {},
            "dr": {}
        },
        "4": {
            "value": -129936.48984854585,
            "freq": 0.2616946204186117,
            "dx": {
                "(2, 0)": 0.20207977033978247,
                "(-2, 0)": -0.18603972964760118
            },
            "dy": {},
            "dr": {}
        },
        "5": {
            "value": -129936.48984854585,
            "freq": 0.2616946204186117,
            "dx": {
                "(2, 0)": 0.20207977033978247,
                "(-2, 0)": -0.18603972964760118
            },
            "dy": {},
            "dr": {}
        },
        "6": {
            "value": -129936.48984854585,
            "freq": 0.2616946204186117,
            "dx": {
                "(2, 0)": 0.20207977033978247,
                "(-2, 0)": -0.18603972964760118
            },
            "dy": {},
            "dr": {}
        },
        "7": {
            "value": -129936.48984854585,
            "freq": 0.2616946204186117,
            "dx": {
                "(2, 0)": 0.20207977033978247,
                "(-2, 0)": -0.18603972964760118
            },
            "dy": {},
            "dr": {}
        },
        "8": {
            "value": -129936.48984854585,
            "freq": 0.2616946204186117,
            "dx": {
                "(2, 0)": 0.20207977033978247,
                "(-2, 0)": -0.18603972964760118
            },
            "dy": {},
            "dr": {}
        },
        "9": {
            "value": -129936.48984854585,
            "freq": 0.2616946204186117,
            "dx": {
                "(2, 0)": 0.20207977033978247,
                "(-2, 0)": -0.18603972964760118
            },
            "dy": {},
            "dr": {}
        },
        "10": {
            "value": -148168.60790870944,
            "freq": 0.26175448781997945,
            "dx": {
                "(2, 0)": 0.19134425372799407,
                "(-2, 0)": -0.17391006992263028
            },
            "dy": {},
            "dr": {}
        },
        "11": {
            "value": -103929.44707086643,
            "freq": 0.2618382206306943,
            "dx": {
                "(2, 0)": 0.18060740633127645,
                "(-2, 0)": -0.15846890217425214
            },
            "dy": {},
            "dr": {}
        },
        "12": {
            "value": -78852.89225105318,
            "freq": 0.2618907553567587,
            "dx": {
                "(2, 0)": 0.1777002360306584,
                "(-2, 0)": -0.1473352290029172
            },
            "dy": {},
            "dr": {}
        },
        "13": {
            "value": -18564.117692118765,
            "freq": 0.2616722223977681,
            "dx": {
                "(2, 0)": 0.18868003353785362,
                "(-2, 0)": -0.2475633422305098
            },
            "dy": {},
            "dr": {}
        },
        "14": {
            "value": -66340.71198400465,
            "freq": 0.2616700205006193,
            "dx": {
                "(2, 0)": 0.1863636135404025,
                "(-2, 0)": -0.21832615912419998
            },
            "dy": {},
            "dr": {}
        },
        "15": {
            "value": -35832.09209830839,
            "freq": 0.26212261005825127,
            "dx": {
                "(2, 0)": 0.17667794103692092,
                "(-2, 0)": -0.09712498715832403
            },
            "dy": {},
            "dr": {}
        },
        "16": {
            "value": -42746.83057693523,
            "freq": 0.2620496040700477,
            "dx": {
                "(2, 0)": 0.17858148329709206,
                "(-2, 0)": -0.11077362470732306
            },
            "dy": {},
            "dr": {}
        },
        "17": {
            "value": -57873.20409076083,
            "freq": 0.2619540215244231,
            "dx": {
                "(2, 0)": 0.1810227817797093,